"","Pedon","TDepth","BDepth","Depth","Name","Ti","Zr","Y","Ratio","Fe","Al","Si","Mn","Ca","P","K","Ce","tau_Fe","tau_Al","tau_Si","tau_Mn","tau_Ca","tau_P","tau_K","tau_Ce"
"3","42_2_V2.1",6,8,7,"42_2_V2.1_Oa",3236.4840654,205,24,15.7877271482927,10491.461415,32020.301874,256949.9611361,3918.77694076,3930.8272575,916.5002847,12203.208234,46.6,-0.589417404123195,-0.597483628486999,-0.440047872365732,4.25637652835935,-0.663465765435847,0.0916666667178374,-0.606508726335799,-0.441818612047745
"4","42_2_V2.1",8,14,11,"42_2_V2.1_E.1",5010.55681236,383,34,13.082393765953,9861.9737301,44299.1614356,379511.8672847,929.3542152,3930.8272575,261.8572242,18097.274796,76.8,-0.750703677431739,-0.640299439288927,-0.465786097527356,-0.194798307776335,-0.782621427434638,-0.798530416942026,-0.623069095337779,-0.405792489240715
"5","42_2_V2.1",14,20,17,"42_2_V2.1_E.2",5178.37450464,417,34,12.4181642797122,9372.3721974,46522.0584252,381521.8451506,449.18787068,3716.418498,218.2143535,19674.560214,81.4,-0.770758050635451,-0.634491848595116,-0.480360962144022,-0.623431523412991,-0.80113886139391,-0.837549603166988,-0.603497313527145,-0.39061205768088
"6","42_2_V2.1",20,28,24,"42_2_V2.1_E.3",5298.24428484,418,32,12.6752255618182,10211.6891106,45728.1666432,384887.3894842,511.14481836,4288.17519,349.1429656,19176.470082,69.2,-0.755879850234334,-0.648857487952758,-0.487637283391125,-0.58118581664656,-0.775736133280984,-0.745959922418603,-0.622278900199523,-0.493666078277633
"7","42_2_V2.1",28,32,30,"42_2_V2.1_E.4",4141.50090591,371,31,11.1630752180863,9022.6568169,40806.0375948,393955.6617164,495.65558144,4359.6447765,305.5000949,17931.244752,67.5,-0.724059974637933,-0.599134883889146,-0.329088244391989,-0.480444870468705,-0.708316335046883,-0.715629522417929,-0.548157337190581,-0.368157376233371
